{"count":1,"self":136.102848,"total":142.0696265,"children":{"InitializeActuators":{"count":1,"self":0.0073539999999999994,"total":0.0073539999999999994,"children":null},"InitializeSensors":{"count":1,"self":0.0051078999999999994,"total":0.0051078999999999994,"children":null},"AgentSendState":{"count":6829,"self":0.0223289,"total":2.507761,"children":{"GridSensor.Update":{"count":1366,"self":2.4701724,"total":2.4701722999999998,"children":null},"CollectObservations":{"count":1366,"self":0,"total":0,"children":null},"WriteActionMask":{"count":1366,"self":0.0032102,"total":0.0032102,"children":null},"RequestDecision":{"count":1366,"self":0.012049599999999999,"total":0.012049599999999999,"children":null}}},"DecideAction":{"count":6829,"self":0.8626183,"total":3.230251,"children":{"GridSensor.Write":{"count":1366,"self":2.3676328,"total":2.3676326999999997,"children":null}}},"AgentAct":{"count":6829,"self":0.1950395,"total":0.2163076,"children":{"GridSensor.Update":{"count":7,"self":0.021268099999999998,"total":0.021268099999999998,"children":null}}}},"gauges":{"GridSensorAgent.CumulativeReward":{"count":7,"max":45.5499954,"min":-3.939997,"runningAverage":11.4499979,"value":27.6399918,"weightedAverage":17.4837074}},"metadata":{"timer_format_version":"0.1.0","start_time_seconds":"1738558097","unity_version":"2023.2.18f1","command_line_arguments":"C:\\Program Files\\Unity\\Hub\\Editor\\2023.2.18f1\\Editor\\Unity.exe -projectpath C:\\Users\\manato05\\ml-agents110\\AI -useHub -hubIPC -cloudEnvironment production","communication_protocol_version":"1.5.0","com.unity.ml-agents_version":"3.0.0","scene_name":"Scene","end_time_seconds":"1738558239"}}